브랜드,상호,주소,시도,군구,위도,경도
이디야,강남YMCA점,서울 강남구 논현동,서울,강남구,37.512645150688,127.030154778539
이디야,강남구청역아이티웨딩점,"서울 강남구 학동로 338 (논현동, 강남파라곤)",서울,강남구,37.51654171724045,127.0401601992311
이디야,강남나누리병원점,서울 강남구 언주로149길 5 (논현동),서울,강남구,37.5205092341033,127.033694770592
이디야,강남논현학동점,서울 강남구 논현로131길 28 (논현동),서울,강남구,37.51408005446769,127.02810578707652
이디야,강남대치점,"서울 강남구 역삼로 415 (대치동, 성진빌딩)",서울,강남구,37.50133876179308,127.05242928262568
이디야,강남도산점,서울 강남구 도산대로37길 20 (신사동),서울,강남구,37.5222784215718,127.031487626912
이디야,강남율현점,"서울 강남구 밤고개로21길 8 (율현동, 세곡프라자)",서울,강남구,37.4735487656314,127.107863694133
이디야,강남행복병원점,"서울 강남구 헌릉로590길 60 (세곡동, 강남구립 행복요양병원)",서울,강남구,37.4611766303736,127.10332264232
이디야,개포동역점,"서울 강남구 개포로82길 11 (개포동, 삼우빌딩)",서울,강남구,37.488604436046536,127.06742226515867
이디야,대청역점,"서울 강남구 개포로109길 34 (개포동, 대청프라자)",서울,강남구,37.49418891219431,127.07764131137398
이디야,대치역점,"서울 강남구 남부순환로 2937 (대치동, 까치빌딩)",서울,강남구,37.4940924880388,127.061617564506
이디야,도산사거리점,서울 강남구 논현동 ,서울,강남구,37.512645150688,127.030154778539
이디야,삼성대치점,"서울 강남구 삼성로64길 32 (대치동, 주성빌딩)",서울,강남구,37.50043704079942,127.06310437319587
이디야,삼성동점,서울 강남구 테헤란로88길 10 (대치동),서울,강남구,37.5068423754133,127.059463196738
이디야,삼성한전점,서울 강남구 테헤란로107길 11 (삼성동),서울,강남구,37.5104297492841,127.065059101392
이디야,선릉점,"서울 강남구 선릉로86길 15 (대치동, 현대선릉 GOLD TOWER)",서울,강남구,37.50346806209728,127.05088702698811
이디야,신사역점,서울 강남구 압구정로2길 62 (신사동),서울,강남구,37.517782772275645,127.02145819084597
이디야,압구정현대점,"서울 강남구 압구정로 214 (신사동, 현대종합상가빌딩)",서울,강남구,37.527994487818226,127.03073566616045
이디야,역삼역점,서울 강남구 테헤란로25길 17 (역삼동),서울,강남구,37.50178663316214,127.03523956508853
이디야,역삼월드점,"서울 강남구 역삼로52길 14 (역삼동, 도곡프라자)",서울,강남구,37.49854753271711,127.04798299548432
이디야,역삼점,서울 강남구 논현로72길 13 (역삼동),서울,강남구,37.4958440607421,127.040532805045
이디야,역삼중앙점,서울 강남구 언주로81길 8 (역삼동),서울,강남구,37.5003154494517,127.04292899982501
이디야,역삼초교점,서울 강남구 강남대로 314 (역삼동),서울,강남구,37.4913189579708,127.031257745326
이디야,역삼충현점,서울 강남구 논현로98길 7 (역삼동),서울,강남구,37.5037648162983,127.036345775147
이디야,역삼플래티넘점,"서울 강남구 테헤란로4길 46 (역삼동, 쌍용플래티넘밸류)",서울,강남구,37.4955481444177,127.03006467392
이디야,을지병원사거리점,서울 강남구 도산대로30길 7 (논현동),서울,강남구,37.5193954737507,127.029425389395
이디야,이디야커피랩,"서울 강남구 논현로 636 (논현동, 이디야빌딩)",서울,강남구,37.51047297481296,127.032981540064
이디야,일원동점,서울 강남구 양재대로27길 20 (일원동),서울,강남구,37.49040201406986,127.08160067456867
이디야,청담사거리점,서울 강남구 도산대로 521 (청담동),서울,강남구,37.524855870334314,127.05035288418118
이디야,청담역점,"서울 강남구 삼성로 721 (청담동, 룩희 819)",서울,강남구,37.5200643058897,127.049146860404
이디야,학동역점,"서울 강남구 학동로 219 (논현동, 국제빌딩)",서울,강남구,37.51499417378034,127.03312378880225
이디야,학동제마점,서울 강남구 학동로34길 22 (논현동),서울,강남구,37.5131174134101,127.033652198273
이디야,한티역점,서울 강남구 도곡로69길 8 (대치동),서울,강남구,37.4979490135961,127.056118735013
이디야,4.19사거리점,서울 강북구 삼양로 501 (수유동),서울,강북구,37.647893174147,127.014231720461
이디야,가오리역점,서울 강북구 삼각산로 108 (수유동),서울,강북구,37.6406008108564,127.016163948133
이디야,미아꿈의숲해링턴점,"서울 강북구 오현로 45 (미아동, 꿈의숲 해링턴 플레이스)",서울,강북구,37.6169375235603,127.034460650104
이디야,미아역점,서울 강북구 도봉로 207 -3(미아동),서울,강북구,37.6270583442503,127.02547799375
이디야,미아중앙점,서울 강북구 도봉로 128 (미아동),서울,강북구,37.6204702944714,127.028752360124
이디야,미아트리베라점,"서울 강북구 삼양로19길 25 (미아동, 삼성래미안트리베라1차아파트)",서울,강북구,37.6156943247238,127.021139026425
이디야,번동점,"서울 강북구 오현로 194 (번동, 덕수빌딩)",서울,강북구,37.6288359683906,127.03987378053
이디야,북한산점,서울 강북구 4.19로 85 (수유동),서울,강북구,37.6447601874917,127.005613427587
이디야,수유사거리점,"서울 강북구 덕릉로 82 (수유동, 제네스타워)",서울,강북구,37.6344266074982,127.022843274109
이디야,수유역점,서울 강북구 도봉로 355 (수유동),서울,강북구,37.6393467065696,127.026708100926
이디야,우이역도선사점,서울 강북구 삼양로173길 21 (우이동),서울,강북구,37.6625815694576,127.011370528324
이디야,한신대점,서울 강북구 덕릉로 31 (수유동),서울,강북구,37.6343160541282,127.016985885932
이디야,강서nc점,서울 강서구 강서로54길 11 (등촌동),서울,강서구,37.5594168739297,126.839349532387
이디야,강서구청점,"서울 강서구 화곡로 292 (화곡동, 서광프리메라)",서울,강서구,37.5501868292157,126.848722796198
이디야,강서한강자이점,서울 강서구 양천로 401 (가양동),서울,강서구,37.5657034766638,126.847638315393
이디야,개화산역점,"서울 강서구 양천로 28 (방화동, 벽산에어트리움)",서울,강서구,37.5722836809967,126.80696733511
이디야,개화산점,"서울 강서구 양천로 28 (방화동, 벽산에어트리움)",서울,강서구,37.5723030060453,126.806994113323
이디야,공항시장역점,"서울 강서구 방화동로 37 (방화동, 메디스타워)",서울,강서구,37.5641822785808,126.810682079138
이디야,까치산로점,서울 강서구 까치산로 182 (화곡동),서울,강서구,37.553313221654,126.853891289928
이디야,등촌3동성당점,"서울 강서구 강서로56길 110 (등촌동, SJC빌딩)",서울,강서구,37.5588989867375,126.844878507014
이디야,등촌동점,"서울 강서구 공항대로61길 20 (염창동, 우리프리머스)",서울,강서구,37.5518113314282,126.865793360516
이디야,등촌역점,서울 강서구 등촌로 217 (등촌동),서울,강서구,37.5491824406556,126.863315147109
이디야,마곡대방디엠씨티점,"서울 강서구 양천로 344 (마곡동, 마곡센트럴대방디엠시티오피스텔)",서울,강서구,37.56843913691685,126.84038658631331
이디야,마곡엠밸리점,"서울 강서구 마곡서로 101 (마곡동, 동익드미라벨복합빌딩)",서울,강서구,37.5626706927393,126.823605646871
이디야,마곡중앙점,"서울 강서구 마곡중앙6로 66 (마곡동, 퀸즈파크텐)",서울,강서구,37.559915259194,126.8343608462
이디야,마곡파인스퀘어점,"서울 강서구 마곡중앙4로 22 (마곡동, 파인스퀘어)",서울,강서구,37.5582813792344,126.829290828058
이디야,마곡헤리움점,"서울 강서구 마곡중앙5로1길 25 (마곡동, 마곡헤리움2차)",서울,강서구,37.5692420716795,126.826138036672
이디야,발산역점,서울 강서구 공항대로 280 (내발산동),서울,강서구,37.55807272536136,126.8383941467497
이디야,방화동로점,서울 강서구 방화동로 95 (방화동),서울,강서구,37.5690161610357,126.812631152778
이디야,방화역점,"서울 강서구 금낭화로 145 (방화동, 에어뷰21-1오피스텔)",서울,강서구,37.5783009851923,126.812798304593
이디야,신방화역점,"서울 강서구 마곡중앙5로 81 (마곡동, 에스비타운)",서울,강서구,37.5671170824829,126.818597219555
이디야,염창동점,서울 강서구 양천로 689 (염창동),서울,강서구,37.5505597737771,126.872893822047
이디야,예원문화센터점,"서울 강서구 화곡로63길 65 (등촌동, 예원교회)",서울,강서구,37.55786209369936,126.84945198496683
이디야,우장산동점,서울 강서구 우현로 15 (화곡동),서울,강서구,37.5471679730925,126.843625687446
이디야,우장산역점,서울 강서구 강서로45길 5 (화곡동),서울,강서구,37.5478575498901,126.835824572069
이디야,화곡로점,서울 강서구 화곡로 133 (화곡동),서울,강서구,37.5408336595688,126.83649036711
이디야,화곡본동시장점,서울 강서구 까치산로4길 11 (화곡동),서울,강서구,37.54223429652289,126.84424724638545
이디야,화곡사거리점,서울 강서구 곰달래로 135 (화곡동),서울,강서구,37.5307647642885,126.847921657041
이디야,관악산으뜸점,서울 관악구 신림로 21 (신림동),서울,관악구,37.4684727257098,126.944897173087
이디야,관악우성점,서울 관악구 관악로 232 (봉천동),서울,관악구,37.4849644283346,126.95603357684
이디야,관악하나로마트점,"서울 관악구 남부순환로 1369 (신림동, 관악농협농산물백화점)",서울,관악구,37.4801290693885,126.902896907397
이디야,난곡사거리점,서울 관악구 남부순환로 1444 (신림동),서울,관악구,37.4809279906563,126.911256043771
이디야,남현홈플러스점,"서울 관악구 과천대로 909 (남현동, 남현프라자)",서울,관악구,37.4714704021418,126.982466468514
이디야,녹두거리점,서울 관악구 신림로 91 (신림동),서울,관악구,37.4703086452623,126.939065988966
이디야,보라매중앙점,"서울 관악구 보라매로 62 (봉천동, 보라매삼성아파트)",서울,관악구,37.4948015028766,126.927602560192
이디야,봉일시장점,서울 관악구 은천로 23 (봉천동),서울,관악구,37.4864072865821,126.937927086846
이디야,봉천역점,서울 관악구 남부순환로 1725 (봉천동),서울,관악구,37.4826845342451,126.941891346509
이디야,봉천현대시장점,서울 관악구 양녕로 39-1 (봉천동),서울,관악구,37.4857087156598,126.946749008784
이디야,서울대중앙점,서울 관악구 남부순환로216길 2 (봉천동),서울,관악구,37.48137982242393,126.9490007619789
이디야,신대방역점,서울 관악구 난곡로 368 (신림동),서울,관악구,37.4868566719231,126.913752282818
이디야,신림대학동점,서울 관악구 호암로26길 17 (신림동),서울,관악구,37.4707490184504,126.934607229207
이디야,신림문화교점,"서울 관악구 신림로46길 1 (신림동, 서원동성당)",서울,관악구,37.4784569907315,126.933022235665
이디야,신림미성점,서울 관악구 난곡로 250 (신림동),서울,관악구,37.4765402893322,126.915984298817
이디야,신림별빛점,서울 관악구 관천로 34 (신림동),서울,관악구,37.4830534704639,126.927792086178
이디야,신림패션문화점,서울 관악구 봉천로6길 24 (신림동),서울,관악구,37.488621134755,126.925430749958
이디야,청룡중앙점,"서울 관악구 쑥고개로 80 (봉천동, 제이빌딩)",서울,관악구,37.4792117658952,126.945267468435
이디야,건대스타시티점,"서울 광진구 아차산로 272 (자양동, 더샵스타시티)",서울,광진구,37.5385582736952,127.072996184863
이디야,건대역점,"서울 광진구 아차산로 229 (화양동, 한림타워)",서울,광진구,37.540809126931,127.068990676571
이디야,구의자양로점,서울 광진구 자양로 251 (구의동),서울,광진구,37.548993161964745,127.0893030454462
이디야,군자역점,"서울 광진구 능동로 290 (능동, 삼일빌딩)",서울,광진구,37.5555832993412,127.078979184085
이디야,동서울터미널점,서울 광진구 구의동 ,서울,광진구,37.5502741239801,127.093135225891
이디야,세종대후문점,서울 광진구 군자로 109 (군자동),서울,광진구,37.5528721561007,127.071997503193
이디야,아차산역점,서울 광진구 천호대로 663 (구의동),서울,광진구,37.5518131074078,127.090249098008
이디야,자양동점,서울 광진구 자양로 46 (자양동),서울,광진구,37.5322036162944,127.085968300289
이디야,자양사거리점,서울 광진구 자양로 81 (자양동),서울,광진구,37.5351324957877,127.083842770754
이디야,자양우성점,"서울 광진구 자양번영로 34 (자양동, 제이원하이텔)",서울,광진구,37.5327019732956,127.075820421522
이디야,중곡대원점,서울 광진구 용마산로 111 (중곡동),서울,광진구,37.5635945424938,127.086643404936
이디야,중곡신성점,"서울 광진구 용마산로 37 (중곡동, 이안빌딩)",서울,광진구,37.557021695282,127.087723525693
이디야,혜민병원점,"서울 광진구 자양로 85 (자양동, 혜민병원)",서울,광진구,37.5354377087993,127.083398686427
이디야,가산두산위브점,서울 금천구 가산로 111 (가산동),서울,금천구,37.4756196441839,126.892926734418
이디야,가산리더스타워점,서울 금천구 벚꽃로 286 (가산동),서울,금천구,37.4803938924495,126.884121140151
이디야,가산오거리점,"서울 금천구 가산로 155 (가산동, 케이디에스빌딩)",서울,금천구,37.478860594893845,126.8901033556771
이디야,가산월드점,서울 금천구 가산디지털2로 123 (가산동),서울,금천구,37.4787267314014,126.878710182672
이디야,금천롯데마트점,"서울 금천구 시흥대로 291 (독산동, 금천롯데캐슬골드파크3차)",서울,금천구,37.4599560487863,126.896699156299
이디야,독산동쌈지공원점,서울 금천구 독산로 276 (독산동),서울,금천구,37.471350493002376,126.9032865178164
이디야,독산동점,"서울 금천구 독산로 218 (독산동, 창영빌딩)",서울,금천구,37.46635783819566,126.90200430635853
이디야,박미삼거리점,서울 금천구 시흥대로 150 (시흥동),서울,금천구,37.4476250836631,126.90366423687
이디야,석수푸르지오점,"서울 금천구 삼성산길 11 (시흥동, 위너스타워)",서울,금천구,37.43411234401002,126.90472649315366
이디야,세광교회점,서울 금천구 독산로 124 (시흥동),서울,금천구,37.4583414293405,126.905521424788
이디야,시흥동점,서울 금천구 시흥동,서울,금천구,37.4476688042386,126.908452220723
이디야,시흥유통센터점,"서울 금천구 시흥대로 88 (시흥동, 오복빌딩)",서울,금천구,37.4418896970511,126.903909572546
이디야,시흥중앙점,서울 금천구 금하로 748 (시흥동),서울,금천구,37.4499582679558,126.912723967152
이디야,은행나무사거리점,서울 금천구 금하로 690 (시흥동),서울,금천구,37.45180077956,126.906631793465
이디야,공릉역점,서울 노원구 동일로192길 5 (공릉동),서울,노원구,37.626073855189,127.073390598155
이디야,광운대점,서울 노원구 광운로 29 (월계동),서울,노원구,37.6203235545121,127.058425843398
이디야,당고개역점,서울 노원구 상계로 313 (상계동),서울,노원구,37.6708076278789,127.080369958013
이디야,상계동점,서울 노원구 한글비석로52길 8 (상계동),서울,노원구,37.6648832320965,127.066475087214
이디야,상계상록스토아점,"서울 노원구 동일로227길 26 (상계동, 상계주공15단지아파트)",서울,노원구,37.6701880464645,127.054677638301
이디야,상계역점,서울 노원구 덕릉로 698 (중계동),서울,노원구,37.6598359024215,127.075653393731
이디야,상계중앙점,서울 노원구 동일로 1650 (상계동),서울,노원구,37.6754838685069,127.055546879508
이디야,서울여대점,서울 노원구 노원로 3 (공릉동),서울,노원구,37.6219930235553,127.086663107619
이디야,수락산역점,"서울 노원구 동일로 1689 (상계동, 하이베라스)",서울,노원구,37.6791213093376,127.054950932229
이디야,월계이마트점,"서울 노원구 마들로3길 15 (월계동, 월계이마트)",서울,노원구,37.6265093604229,127.061979778612
이디야,월계인덕점,서울 노원구 광운로22길 39 (월계동),서울,노원구,37.6298501245091,127.058818019772
이디야,중계롯데우성점,서울 노원구 노원로22길 70 (중계동),서울,노원구,37.6473153742483,127.073989501408
이디야,중계본동점,서울 노원구 중계로14바길 2 (중계동),서울,노원구,37.649884209754255,127.0826133945026
이디야,중계점,서울 노원구 동일로204가길 34 (중계동),서울,노원구,37.6407495352012,127.068172151465
이디야,태릉입구역점,"서울 노원구 공릉로 105 (공릉동, 성종빌딩)",서울,노원구,37.6196132389484,127.077885277951
이디야,하계을지점,서울 노원구 공릉로 326 (하계동),서울,노원구,37.6358934332346,127.071179668515
이디야,덕성여대점,서울 도봉구 삼양로 542 (쌍문동),서울,도봉구,37.6516084987977,127.01319601269354
이디야,도봉구청점,"서울 도봉구 도봉로150길 43 (방학동, ESA 아파트)",서울,도봉구,37.6662934478885,127.045847069683
이디야,도봉산점,서울 도봉구 도봉산길 18 (도봉동),서울,도봉구,37.68753761913406,127.04374413595103
이디야,방학역점,서울 도봉구 도봉로153길 15 (방학동),서울,도봉구,37.6697953566978,127.042538024724
이디야,방학점,서울 도봉구 방학로 171 (방학동),서울,도봉구,37.6621669447231,127.033248007437
이디야,선덕고사거리점,"서울 도봉구 해등로 255 (쌍문동, 에벤에셀아파트)",서울,도봉구,37.6573748589473,127.028191786525
이디야,솔밭공원역점,"서울 도봉구 삼양로 594 (쌍문동, 주함해븐빌)",서울,도봉구,37.6560582306343,127.013556949839
이디야,신창점,서울 도봉구 덕릉로 235 (창동),서울,도봉구,37.6389379513295,127.038109547969
이디야,쌍문동점,서울 도봉구 노해로 162 (쌍문동),서울,도봉구,37.648691425654484,127.02717853006696
이디야,쌍문역점,서울 도봉구 도봉로117길 4 (쌍문동),서울,도봉구,37.6494415919409,127.034706714207
이디야,창동대우점,서울 도봉구 덕릉로63가길 30 (창동),서울,도봉구,37.64346473981549,127.03874807786094
이디야,창동역점,서울 도봉구 마들로11길 65 (창동),서울,도봉구,37.6534171446527,127.049667391336
이디야,창동제일점,서울 도봉구 노해로70길 81 (창동),서울,도봉구,37.64890361348041,127.05250451283373
이디야,창동하나로마트점,"서울 도봉구 마들로11길 20 (창동, 농협창동유통센타)",서울,도봉구,37.654796530681295,127.05139242088684
이디야,창동학원가점,서울 도봉구 해등로16길 61 (창동),서울,도봉구,37.6551356444229,127.043355569136
이디야,남성역점,서울 동작구 사당로17가길 13 (사당동),서울,동작구,37.4838120946482,126.973425490717
이디야,노들점,서울 동작구 노량진로 200 (노량진동),서울,동작구,37.5129025942598,126.947920845817
이디야,노량진CTS점,서울 동작구 노량진로 110 (노량진동),서울,동작구,37.5131853341731,126.938038724901
이디야,노량진드림스퀘어점,"서울 동작구 노들로2길 7 (노량진동, 노량진 드림스퀘어 복합빌딩)",서울,동작구,37.514162523894726,126.93865425871968
이디야,노량진역사점,"서울 동작구 노량진로 지하 130 (노량진동, 9호선 노량진역)",서울,동작구,37.513574825476404,126.94082532227891
이디야,대방역점,"서울 동작구 노량진로 24 (대방동, 한신빌딩)",서울,동작구,37.51290838049896,126.92834765518518
이디야,보라매공원점,서울 동작구 여의대방로 90 (신대방동),서울,동작구,37.4968095727752,126.916661704502
이디야,보라매점,"서울 동작구 보라매로5가길 16 (신대방동, 보라매아카데미타워)",서울,동작구,37.4912751024086,126.924094714271
이디야,사당역점,서울 동작구 동작대로7길 100 (사당동),서울,동작구,37.4771585444473,126.977532880864
이디야,상도역점,서울 동작구 상도로 277 (상도1동),서울,동작구,37.5028147684905,126.948341437745
이디야,상도중앙점,서울 동작구 만양로 17 (상도동),서울,동작구,37.50632113638169,126.94715442128768
이디야,상도파크엘점,"서울 동작구 양녕로 220 (상도동, 상도역 롯데캐슬 파크엘)",서울,동작구,37.5007111108525,126.945556219571
이디야,이수중앙점,서울 동작구 사당로 285 (사당동),서울,동작구,37.4846491148735,126.979182539226
이디야,중앙대점,서울 동작구 흑석로 79 (흑석동),서울,동작구,37.5070293244615,126.958421417835
이디야,중앙대후문점,서울 동작구 흑석로 20 (상도동),서울,동작구,37.5048307436215,126.9530308556
이디야,총신대점,"서울 동작구 사당로16가길 96 (사당동) 1,2층",서울,동작구,,
이디야,해군회관점,서울 동작구 여의대방로 194 (대방동),서울,동작구,37.5042619165854,126.922263210314
이디야,흑석역점,서울 동작구 현충로 100-1 (흑석동),서울,동작구,37.5076446931125,126.964738341052
이디야,공덕롯데캐슬점,"서울 마포구 마포대로 109 (공덕동, 롯데캐슬프레지던트)",서울,마포구,37.5451188164137,126.950886259458
이디야,광흥창역점,"서울 마포구 서강로 46 (창전동, 민주당빌딩)",서울,마포구,37.5471520550055,126.931600627596
이디야,대흥역점,서울 마포구 백범로 100 (대흥동),서울,마포구,37.5474500466251,126.942289114268
이디야,마포공덕역점,서울 마포구 새창로 6 (도화동),서울,마포구,37.54203652124145,126.95051136853504
이디야,마포성산시영점,서울 마포구 월드컵북로 210 (성산동),서울,마포구,37.5692205219891,126.905804329554
이디야,마포점,서울 마포구 도화길 10 (도화동),서울,마포구,37.5398073678554,126.947408013992
이디야,망리단길점,"서울 마포구 포은로 81-1 (망원동, S-빌딩)",서울,마포구,37.5543135567568,126.905265725284
이디야,망원역점,서울 마포구 월드컵로 82-1 (서교동),서울,마포구,37.5563763922796,126.910226957389
이디야,망원중앙점,서울 마포구 월드컵로 147 (망원동),서울,마포구,37.5607966710773,126.905478560614
이디야,상암한샘점,서울 마포구 성암로13길 58 (상암동),서울,마포구,37.5757184810434,126.897772246535
이디야,상암홈플러스점,서울 마포구 월드컵로 240 (성산동),서울,마포구,37.5682884450841,126.897273034482
이디야,서교동점,서울 마포구 와우산로29길 70 (서교동),서울,마포구,37.5563657191815,126.926596108697
이디야,성산점,서울 마포구 월드컵북로 137 (성산동),서울,마포구,37.5648258493667,126.91166211022
이디야,신촌숲아이파크점,"서울 마포구 광성로 17 (신수동, 신촌숲아이파크)",서울,마포구,37.550314872049455,126.93551824572988
이디야,오벨리스크점,"서울 마포구 마포대로 33 (도화동, 마포 한화 오벨리스크)",서울,마포구,37.5399847863145,126.945447452979
이디야,합정LIG점,서울 마포구 양화로1길 21 (합정동),서울,마포구,37.5495946668227,126.910456894059
이디야,합정동점,서울 마포구 양화로6길 90 (합정동),서울,마포구,37.5482353406882,126.919083986241
이디야,합정역사거리점,서울 마포구 독막로2길 5 (합정동),서울,마포구,37.5482582573584,126.914898987448
이디야,합정홈플러스점,"서울 마포구 양화로 45 (서교동, 메세나폴리스)",서울,마포구,37.5515008030203,126.91395024016
이디야,홍대청기와점,서울 마포구 월드컵북로 7 (서교동),서울,마포구,37.5556111696904,126.920661686736
이디야,홍익대점,"서울 마포구 홍익로 10 (서교동, 서교푸르지오)",서울,마포구,37.5537619785992,126.923693794834
이디야,가재울중앙점,"서울 서대문구 가재울미래로 2 (남가좌동, DMC파크뷰자이)",서울,서대문구,37.5744019902031,126.917907814167
이디야,명지대점,서울 서대문구 거북골로 35 (남가좌동),서울,서대문구,37.5793644567594,126.923916395533
이디야,명지전문대점,서울 서대문구 가좌로 140 (홍은동),서울,서대문구,37.5845714538091,126.92415926898
이디야,서대문구청점,서울 서대문구 연희로 237 (연희동),서울,서대문구,37.57824224353534,126.93569228371322
이디야,서대문점,서울 서대문구 냉천동,서울,서대문구,37.5667821636119,126.961963463309
이디야,서울간호대점,서울 서대문구 간호대로 8 (홍제동),서울,서대문구,37.596698732359,126.94879760070489
이디야,신촌기차역점,서울 서대문구 신촌역로 35 (창천동),서울,서대문구,37.558976103967,126.941459567139
이디야,신촌역점,서울 서대문구 신촌로 87-20 (창천동),서울,서대문구,37.5565111834994,126.936458823099
이디야,아현역점,"서울 서대문구 신촌로37길 10 (북아현동, 아현 메디컬)",서울,서대문구,37.5576654886412,126.957137829236
이디야,연남동점,서울 서대문구 연희로 42 (연희동),서울,서대문구,37.5623685801819,126.927862179186
이디야,연세의료원ABMRC점,"서울 서대문구 연세로 50-1 (신촌동, 세브란스병원)",서울,서대문구,37.563674036531,126.941917689273
이디야,연세의료원의과대학점,"서울 서대문구 연세로 50-1 (신촌동, 세브란스병원)",서울,서대문구,37.563674036531,126.941917689273
이디야,연세의료원제중관점,"서울 서대문구 연세로 50-1 (신촌동, 세브란스병원)",서울,서대문구,37.56204444440694,126.9396619657622
이디야,연세의료원종합관점,"서울 서대문구 연세로 50-1 (신촌동, 세브란스병원)",서울,서대문구,37.56128805404262,126.94054256718223
이디야,연희홍연길점,서울 서대문구 홍제천로 146-9 (연희동),서울,서대문구,37.5763814406771,126.930025142924
이디야,홍은사거리점,"서울 서대문구 통일로 510 (홍은동, 북한산 더샵)",서울,서대문구,37.594570187466,126.941167410528
이디야,강남센트럴시티점,"서울 서초구 신반포로 176 (반포동, 센트럴시티)",서울,서초구,37.503934456230404,127.00241119724721
이디야,강남역르피에드점,서울 서초구 서운로 136 (서초동),서울,서초구,37.4956189258907,127.025219660672
이디야,교대역점,"서울 서초구 서초대로56길 22 (서초동, 성운빌딩)",서울,서초구,37.49348156830381,127.01711123409879
이디야,국립국악원점,"서울 서초구 남부순환로 2364 (서초동, 국립국악원)",서울,서초구,37.4777188083482,127.009818464555
이디야,국립중앙도서관디지털관점,"서울 서초구 반포대로 201 (반포동, 국립중앙도서관)",서울,서초구,37.49784541491314,127.00399194893603
이디야,국립중앙도서관본관점,"서울 서초구 반포대로 201 (반포동, 국립중앙도서관)",서울,서초구,37.49759316196095,127.0030193959796
이디야,남부터미널점,서울 서초구 서초동 ,서울,서초구,37.4900861966502,127.01953478052
이디야,내방역점,"서울 서초구 서초대로 108 (방배동, 삼보빌딩)",서울,서초구,37.4875261941992,126.994201615542
이디야,반포지하상가점,"서울 서초구 신반포로 지하 200 (잠원동, 강남터미널지하쇼핑몰)",서울,서초구,37.506219322319325,127.0050532634284
이디야,방배역점,서울 서초구 방배로 87 (방배동),서울,서초구,37.4821780901376,126.996908751208
이디야,방배중앙점,"서울 서초구 동광로 1 (방배동, 대양빌딩)",서울,서초구,37.4910714836313,126.983025685547
이디야,서울고교점,서울 서초구 서초동 ,서울,서초구,37.4900861966502,127.01953478052
이디야,서울고속버스터미널점,"서울 서초구 신반포로 194 (반포동, 강남고속버스터미널)",서울,서초구,37.5057291465854,127.00568884262598
이디야,서울교대점,서울 서초구 서초동 ,서울,서초구,37.4900861966502,127.01953478052
이디야,서초법조타운점,"서울 서초구 서초중앙로24길 7 (서초동, 동천빌딩)",서울,서초구,37.49479378533478,127.01448803642147
이디야,서초우면중앙점,"서울 서초구 양재대로2길 100-11 (우면동, 서초 리슈빌S)",서울,서초구,37.45646459702972,127.01625285612394
이디야,서초점,서울 서초구 서초대로48길 16 (서초동),서울,서초구,37.510472981127,127.0329589189837
이디야,신논현역점,"서울 서초구 서초대로77길 55 (서초동, 에이프로 스퀘어)",서울,서초구,37.502226322085065,127.0245694495325
이디야,신사멀버리힐스점,서울 서초구 강남대로 589 (잠원동),서울,서초구,37.5144406772564,127.019386390307
이디야,양재점,서울 서초구 남부순환로347길 38 (서초동),서울,서초구,37.4860263770271,127.031487443707
이디야,양재중앙점,"서울 서초구 강남대로 221 (양재동, 양재역 환승주차장)",서울,서초구,37.4836850972087,127.034117823374
이디야,양재하나로마트점,"서울 서초구 청계산로 10 (양재동, 농협하나로클럽)",서울,서초구,37.4632288044056,127.043530153585
이디야,예술의전당점,"서울 서초구 반포대로 32 (서초동, 원일빌딩)",서울,서초구,37.48343774983494,127.01212053082338
이디야,우면동점,"서울 서초구 바우뫼로 20 (우면동, 고호빌딩)",서울,서초구,37.46994898856,127.025305086983
이디야,잠원논현점,서울 서초구 신반포로 333 (잠원동),서울,서초구,37.51093465194,127.02015109878
이디야,청계산입구역점,서울 서초구 신원동,서울,서초구,37.4440189779745,127.062170998757
이디야,함지박사거리점,서울 서초구 방배로 234 우신빌딩,서울,서초구,37.4941611953765,126.989910590285
이디야,고대개운점,서울 성북구 개운사길 30 (안암동5가),서울,성북구,37.5876829132381,127.029436286155
이디야,고대점,서울 성북구 고려대로24길 35 (안암동5가),서울,성북구,37.5846644662531,127.029558844368
이디야,고대타이거프라자점,"서울 성북구 안암로 145 (안암동5가, 고려대학교안암캠퍼스)",서울,성북구,37.5887034223667,127.031698331241
이디야,길음뉴타운점,"서울 성북구 길음로 74 (길음동, 길음 에스에이치빌)",서울,성북구,37.6092895738067,127.02103392513
이디야,길음중앙점,"서울 성북구 도봉로 11 (길음동, 삼주빌딩)",서울,성북구,37.6102502835964,127.02987600544
이디야,돌곶이역점,서울 성북구 돌곶이로22길 3 (석관동),서울,성북구,37.6101775904181,127.058109735378
이디야,보문역점,서울 성북구 보문로 111 (보문동2가),서울,성북구,37.5849398539909,127.019340463549
이디야,석계중앙점,서울 성북구 화랑로40길 61 (석관동),서울,성북구,37.6137673525469,127.064941301023
이디야,석관동점,"서울 성북구 돌곶이로8길 22 (석관동, 래미안아트리치)",서울,성북구,37.606523673300146,127.06226070129833
이디야,성신여대역점,서울 성북구 동소문로17길 40 (동소문동6가),서울,성북구,37.5939295699321,127.015893755022
이디야,성신여대점,서울 성북구 보문로34길 100 (동선동2가),서울,성북구,37.5912026781491,127.020787546073
이디야,안암래미안점,서울 성북구 보문로30가길 42 (안암동1가),서울,성북구,37.58902457510121,127.02202493345699
이디야,월곡1동점,서울 성북구 오패산로 99 (하월곡동),서울,성북구,37.6107698603083,127.035191370535
이디야,장위뉴타운점,서울 성북구 장월로 144-1 (장위동),서울,성북구,37.6177100595708,127.051043617995
이디야,장위동점,서울 성북구 월계로40길 7 (장위동),서울,성북구,37.6229729783825,127.048309344122
이디야,장위중앙점,서울 성북구 장위로 35 (장위동),서울,성북구,37.6144653580685,127.040783420843
이디야,정릉중앙점,서울 성북구 정릉로 251 (정릉동),서울,성북구,37.6047223777771,127.0119196884
이디야,종암동점,서울 성북구 종암로 105 (종암동),서울,성북구,37.5995291111739,127.033954023258
이디야,하월곡동점,서울 성북구 오패산로 16 (하월곡동),서울,성북구,37.6036686229465,127.037521806164
이디야,한성대점,서울 성북구 삼선교로 10 (삼선동1가),서울,성북구,37.5877335935159,127.006908254016
이디야,가든파이브테크노관점,"서울 송파구 충민로 66 (문정동, 가든파이브라이프)",서울,송파구,37.4776148442516,127.124961768886
이디야,가락몰점,"서울 송파구 중대로 55-2 (가락동, 가로판매대) 가락몰3관",서울,송파구,37.4916073817028,127.11495979115
이디야,가락중앙점,서울 송파구 송이로 87 (가락동),서울,송파구,37.498303976004735,127.12087308454156
이디야,거여점,서울 송파구 오금로 497 (거여동),서울,송파구,37.49352032166526,127.14434073545736
이디야,방이역점,서울 송파구 위례성대로18길 32 (방이동),서울,송파구,37.5095569542965,127.124718892209
이디야,방이초교점,서울 송파구 가락로 280 (방이동),서울,송파구,37.5127330893982,127.120016251041
이디야,삼전중앙점,서울 송파구 백제고분로27길 5 (삼전동),서울,송파구,37.5036697979808,127.092579345276
이디야,서울삼성내과점,"서울 송파구 백제고분로 126 (잠실동, 오룡빌딩)",서울,송파구,37.5061702039866,127.08075330646
이디야,서울한방병원점,"서울 송파구 법원로11길 32 (문정동, 혜화복합시설)",서울,송파구,37.4855010122778,127.115853505576
이디야,석촌백제점,"서울 송파구 백제고분로39길 15 (석촌동, 삼경빌딩)",서울,송파구,37.5056617466954,127.104455184706
이디야,석촌역점,"서울 송파구 송파대로 456 (송파동, 웅현빌딩)",서울,송파구,37.5071903282914,127.105841889845
이디야,송파문정점,서울 송파구 송이로 159 (가락동),서울,송파구,37.49292715289153,127.12526318784414
이디야,송파올림픽훼미리타운점,"서울 송파구 중대로 24 (문정동, 올림픽훼밀리타운 아카데미 상가)",서울,송파구,37.49058756157332,127.11794613172696
이디야,송파위례점,"서울 송파구 위례광장로 188 (장지동, 아이온스퀘어)",서울,송파구,37.480845018993676,127.14280133733737
이디야,송파풍납점,서울 송파구 강동대로9길 17-1 (풍납동),서울,송파구,37.5280970384524,127.11654304801
이디야,오금중앙점,"서울 송파구 위례성대로22길 18 (오금동, 이시돌빌딩)",서울,송파구,37.5087791749502,127.1305037107547
이디야,올림픽공원점,서울 송파구 올림픽로 354 (방이동),서울,송파구,37.5161703232576,127.109737321138
이디야,올림픽프라자점,서울 송파구 양재대로 1222 (방이동),서울,송파구,37.51573785966157,127.13191560436993
이디야,위례포레샤인점,"서울 송파구 위례순환로 477 (장지동, 위례포레샤인23단지)",서울,송파구,37.47494648104577,127.13442428248332
이디야,잠실본동점,"서울 송파구 백제고분로 172 (잠실동, 제이케이빌딩)",서울,송파구,37.5047208554957,127.085852293902
이디야,잠실역점,"서울 송파구 송파대로 567 (잠실동, 잠실주공아파트)",서울,송파구,37.51353974735096,127.0993615087665
이디야,강서초교점,서울 양천구 오목로 48 (신월동),서울,양천구,37.5220328857283,126.842960509946
이디야,남부지방법원점,"서울 양천구 은행정로4길 25 (신정동, SM엘루이아파트)",서울,양천구,37.5215008347482,126.862615322582
이디야,목3동점,"서울 양천구 목동중앙북로 38 (목동, 롯데캐슬위너아파트)",서울,양천구,37.5479038468127,126.866954843863
이디야,목동등촌로점,서울 양천구 등촌로 180 (목동),서울,양천구,37.5456533733203,126.862739051043
이디야,목동센트럴아이파크위브점,서울 양천구 남부순환로 603 (신월동),서울,양천구,37.5152188104643,126.840692066592
이디야,목동신목점,"서울 양천구 목동중앙로 85 (목동, 강산아파트)",서울,양천구,37.5370101136194,126.871488815731
이디야,목동파라곤점,서울 양천구 목동서로 155 (목동),서울,양천구,37.5299956155624,126.875071951863
이디야,서남병원점,서울 양천구 신정동,서울,양천구,37.5185526780279,126.854354325392
이디야,신월사거리점,서울 양천구 남부순환로 353 (신월동),서울,양천구,37.5356741789955,126.828923065237
이디야,신월신곡시장점,서울 양천구 신월로 172 (신월동),서울,양천구,37.518310621798,126.842656786225
이디야,신정네거리역점,서울 양천구 중앙로 282 (신정동),서울,양천구,37.5215539663804,126.85257881028
이디야,신정서부점,서울 양천구 신정로11길 50-15 (신정동),서울,양천구,37.5122704830499,126.838323291194
이디야,양천구청점,서울 양천구 목동동로 63 (신정동),서울,양천구,37.5153165387272,126.86231084967
이디야,오목교대학학원점,서울 양천구 오목로 319 (목동),서울,양천구,37.5250775226211,126.873065467653
이디야,IFC몰점,"서울 영등포구 국제금융로 10 (여의도동, 서울 국제금융 센터)",서울,영등포구,37.5251775245928,126.924876706923
이디야,KBS별관점,"서울 영등포구 국제금융로8길 27-9 (여의도동, 동북빌딩)",서울,영등포구,37.5196744579443,126.928930989749
이디야,국회의사당역점,"서울 영등포구 의사당대로 22 (여의도동, 이룸센터)",서울,영등포구,37.526869878743,126.917843631999
이디야,남부고용센터점,서울 영등포구 양산로 71 (양평동3가),서울,영등포구,37.525029038125,126.891103928762
이디야,당산버드나루점,서울 영등포구 버드나루로 87 (영등포동7가),서울,영등포구,37.5259675849267,126.908721351403
이디야,당산역점,"서울 영등포구 당산로 222 (당산동5가, 당산디오빌)",서울,영등포구,37.5332447828491,126.902291122854
이디야,당산중앙점,서울 영등포구 당산로 159 (당산동4가),서울,영등포구,37.5288505614052,126.89756596732
이디야,대림1동점,서울 영등포구 도림로 198 (대림동),서울,영등포구,37.49647205091008,126.9028549432193
이디야,대림역점,서울 영등포구 도림로31길 2 (대림동),서울,영등포구,37.4925465879116,126.895922332338
이디야,도림점,"서울 영등포구 도신로15길 40 (도림동, 도림빌딩)",서울,영등포구,37.5086080352152,126.896572544617
이디야,라이프점,"서울 영등포구 63로 40 (여의도동, 라이프오피스텔)",서울,영등포구,37.5196351977246,126.939136417577
이디야,문래에이스점,"서울 영등포구 선유로13길 25 (문래동6가, 에이스하이테크시티2)",서울,영등포구,37.5189822790873,126.886278723171
이디야,보라매역점,서울 영등포구 여의대방로 141 (신길동),서울,영등포구,37.4996793942781,126.919957889888
이디야,서여의도점,"서울 영등포구 국회대로72길 4 (여의도동, 아이비피아빌딩)",서울,영등포구,37.5303335810073,126.919916432847
이디야,선유도역점,서울 영등포구 양평로 126 (양평동5가),서울,영등포구,37.5382334285342,126.893922350178
이디야,신길성애병원점,서울 영등포구 여의대방로53길 27 (신길동),서울,영등포구,37.511854826249035,126.92152601914932
이디야,신길썬프라자점,서울 영등포구 신길로 42 (신길동),서울,영등포구,37.4964707028524,126.908618171148
이디야,신길아이파크점,서울 영등포구 도림로 280 (신길동),서울,영등포구,37.5029405804778,126.904213869543
이디야,신길역점,서울 영등포구 영등포로 353 (신길동),서울,영등포구,37.5150693438158,126.918084717307
이디야,양평동2가점,"서울 영등포구 선유서로25길 19 (양평동2가, 오목교투웨니퍼스트)",서울,영등포구,37.524529915593526,126.88358139719749
이디야,여의나루역점,서울 영등포구 여의나루로 113 (여의도동),서울,영등포구,37.5260558187275,126.930769729764
이디야,여의도농협재단점,"서울 영등포구 국제금융로8길 2 (여의도동, 농협재단빌딩)",서울,영등포구,37.5220163808659,126.930048684376
이디야,여의도역점,"서울 영등포구 의사당대로 108 (여의도동, 아일렉스)",서울,영등포구,37.5210144173791,126.923991634451
이디야,영등포knk점,"서울 영등포구 영신로 220 (영등포동8가, KnK디지털타워)",서울,영등포구,37.52667482397141,126.90422425738349
이디야,영등포그랜드점,"서울 영등포구 양산로9길 15 (양평동3가, 그랜드타워)",서울,영등포구,37.526790955173,126.888600855285
이디야,영등포당산엘르점,서울 영등포구 영등포로 141-1 (당산동1가),서울,영등포구,37.5213280608143,126.89731742963
이디야,영등포시장점,서울 영등포구 영등포로35길 19 (영등포동6가),서울,영등포구,,
이디야,영등포아크로타워점,"서울 영등포구 국회대로54길 10 (영등포동7가, 아크로타워 스퀘어)",서울,영등포구,37.5236586861947,126.906430209934
이디야,영등포에이스점,서울 영등포구 경인로 775 (문래동3가),서울,영등포구,37.5147464245043,126.897536835727
이디야,영등포점,서울 영등포구 영중로 16-1 (영등포동3가),서울,영등포구,37.51787131047062,126.90613304012865
이디야,영등포코레일점,"서울 영등포구 경인로 846 (영등포동, 영등포 민자역사)",서울,영등포구,37.5156680341198,126.907665995469
이디야,영등포홈플러스점,"서울 영등포구 당산로 42 (문래동3가, 홈플러스)",서울,영등포구,37.50324896699568,127.02455282046348
이디야,한국수출입은행점,"서울 영등포구 은행로 38 (여의도동, 한국수출입은행빌딩)",서울,영등포구,37.5286372332436,126.923399003703
이디야,갈현점,서울 은평구 갈현로 268 (갈현동),서울,은평구,37.6206319523994,126.916658816351
이디야,구산사거리점,서울 은평구 서오릉로 195 (구산동),서울,은평구,37.61346014720294,126.91190260226251
이디야,구산역점,서울 은평구 연서로 148 (대조동),서울,은평구,37.611979902816174,126.91762675639762
이디야,구파발역점,"서울 은평구 진관2로 29-21 (진관동, 드림스퀘어)",서울,은평구,37.635741734904,126.919341649662
이디야,녹번동점,"서울 은평구 진흥로 156 (녹번동, 신명빌딩)",서울,은평구,37.60875371667509,126.92690582152823
이디야,녹번혁신파크점,서울 은평구 통일로 675 (녹번동),서울,은평구,37.6066595928946,126.933057960005
이디야,백련산아이파크점,"서울 은평구 응암로 264 (응암동, 서울빌딩)",서울,은평구,37.59534169809925,126.91882273114795
이디야,본서부병원점,"서울 은평구 응암로 337 (응암동, 빛터룩스 빌딩)",서울,은평구,37.60130668380729,126.92212973358569
이디야,불광역점,서울 은평구 통일로 749 (대조동),서울,은평구,37.6119412915133,126.928170521884
이디야,불광점,서울 은평구 통일로 790 (불광동),서울,은평구,37.615230520763,126.925968000044
이디야,새절역점,서울 은평구 가좌로 272 (신사동),서울,은평구,37.59318462886998,126.91361081200473
이디야,서광교회점,"서울 은평구 통일로 951 (갈현동, 서광교회)",서울,은평구,37.6277461902526,126.919185124303
이디야,역촌동점,서울 은평구 갈현로 82 (역촌동),서울,은평구,37.60527601006437,126.91070049318746
이디야,역촌역점,서울 은평구 진흥로 95 (역촌동),서울,은평구,37.6054420445568,126.922124290438
이디야,역촌진흥로점,서울 은평구 진흥로1길 3 (역촌동),서울,은평구,37.60076733486699,126.91863338447128
이디야,연신내역점,서울 은평구 통일로 855-9 (갈현동),서울,은평구,37.6188948297727,126.919884176889
이디야,연신내통일로점,서울 은평구 통일로 876 (불광동),서울,은평구,37.6212043252743,126.920274642424
이디야,은평구청점,서울 은평구 은평로 197 (녹번동),서울,은평구,37.601551874463,126.92948914955393
이디야,은평뉴타운점,"서울 은평구 진관3로 70 (진관동, 은평뉴타운상림마을)",서울,은평구,37.6422598317106,126.923141080933
이디야,은평신사점,"서울 은평구 갈현로1길 21 (신사동, 새마을금고신사동제2분사무소)",서울,은평구,37.5992730543067,126.907863200941
이디야,응암역점,"서울 은평구 연서로 9 (역촌동, 센타폴리스)",서울,은평구,37.600098929318705,126.91561001336949
이디야,응암오거리점,서울 은평구 응암로 211 (응암동),서울,은평구,37.59090765819004,126.91715178773087
이디야,증산동점,서울 은평구 증산서길 78 (증산동),서울,은평구,37.5833665429509,126.906550600654
이디야,경희궁점,서울 종로구 경희궁1길 16 (신문로2가),서울,종로구,37.5716953499755,126.970696336246
이디야,광화문스페이스본점,"서울 종로구 사직로8길 4 (사직동, 광화문 스페이스본)",서울,종로구,37.5746716527447,126.968429762772
이디야,광화문점,서울 종로구 세종대로23길 15 (도렴동),서울,종로구,37.57150699708368,126.97565344843615
이디야,낙원동점,서울 종로구 낙원동 ,서울,종로구,37.5725577161914,126.988607627918
이디야,대학로점,서울 종로구 대학로10길 17 (동숭동),서울,종로구,37.5820961487244,127.003178474246
이디야,독립문역점,서울 종로구 통일로 266 (무악동),서울,종로구,37.5758473655224,126.956783269179
이디야,동대문역점,"서울 종로구 율곡로 286 (종로6가, 야드인빌딩)",서울,종로구,37.57184800694998,127.00805518188871
이디야,배화여대점,서울 종로구 필운대로1길 35 (필운동),서울,종로구,37.5777983064688,126.967517691017
이디야,북촌마을점,서울 종로구 북촌로5길 39 (화동),서울,종로구,37.5793376128612,126.982701926649
이디야,삼일빌딩점,서울 종로구 삼일대로15길 13 (관철동),서울,종로구,37.5687803685297,126.986738925326
이디야,상명대점,서울 종로구 홍지동,서울,종로구,37.6007910021227,126.956587544473
이디야,성균관대점,서울 종로구 성균관로 8 (명륜2가),서울,종로구,37.5836585925455,126.998337309053
이디야,숭인점,서울 종로구 숭인동길 6 (숭인동),서울,종로구,37.5752699068368,127.021595350369
이디야,신설점,서울 종로구 난계로29길 30 (숭인동),서울,종로구,37.5742373886978,127.021476077131
이디야,안국역사점,"서울 종로구 율곡로 지하 62 (안국동, 3호선 안국역)",서울,종로구,37.5767203705556,126.985823042976
이디야,종로3가점,서울 종로구 종로 126 (종로3가),서울,종로구,37.5701023901699,126.991536823031
이디야,종로4가점,서울 종로구 김상옥로 1 (인의동),서울,종로구,37.573504922526,126.997895712568
이디야,종로5가점,서울 종로구 대학로 33 (효제동),서울,종로구,37.574075527144224,127.00182933693897
이디야,종로교차로점,서울 종로구 동호로 406-1 (종로5가),서울,종로구,37.57062831400788,127.00218468908556
이디야,종로삼일대로점,서울 종로구 삼일대로 390-1 (관철동),서울,종로구,37.5694514711928,126.987964250478
이디야,종로이화동점,서울 종로구 낙산성곽서1길 10 (이화동),서울,종로구,37.5774862427837,127.008183259977
이디야,종로타워점,"서울 종로구 종로 51 (종로2가, 종로타워)",서울,종로구,37.5707451369668,126.983611410428
이디야,창덕궁점,서울 종로구 돈화문로 41-1 (묘동),서울,종로구,37.57228044824555,126.99142858488984
이디야,창신동점,서울 종로구 종로 316-1 (창신동),서울,종로구,37.5720247998631,127.012925903352
이디야,창신중앙점,서울 종로구 지봉로 64 (숭인동),서울,종로구,37.5757294269114,127.015830340656
이디야,탑골공원점,서울 종로구 낙원동 ,서울,종로구,37.5725577161914,126.988607627918
이디야,혜화동로터리점,서울 종로구 혜화로 3-1 (혜화동),서울,종로구,37.5860668674463,127.000571872704
이디야,혜화역점,서울 종로구 창경궁로 258-15 (명륜2가),서울,종로구,37.5835966141203,127.00065076533
이디야,IBK본점,"서울 중구 을지로 79 (을지로2가, 기업은행)",서울,중구,37.56644251292965,126.98717557400126
이디야,동국대후문점,"서울 중구 창경궁로 2 (충무로5가, 남경빌딩)",서울,중구,37.5625572053404,126.9986915916533
이디야,동대문점,서울 중구 을지로43길 38 (을지로6가),서울,중구,37.5677113760105,127.007765983844
이디야,동대문팀204점,"서울 중구 마장로 30 (신당동, Team204)",서울,중구,37.5677127859728,127.013196592402
이디야,명동거리점,"서울 중구 명동8가길 7 (충무로2가, 프리엠상가)",서울,중구,37.5617602798822,126.985404271845
이디야,명동역점,서울 중구 퇴계로 103 (충무로1가),서울,중구,37.5608740391449,126.983217097792
이디야,명동중앙점,"서울 중구 명동7길 21 (을지로2가, 명동아르누보센텀)",서울,중구,37.5647312946952,126.983858910559
이디야,북창동점,서울 중구 남대문로1길 57-1 (태평로2가),서울,중구,37.5636463684929,126.977568053773
이디야,서소문점,서울 중구 서소문로11길 8 (서소문동),서울,중구,37.5632737727618,126.973094520683
이디야,신당점,서울 중구 다산로35길 11 (신당동),서울,중구,37.563539806566,127.014848931952
이디야,신당중앙점,서울 중구 퇴계로 455 (황학동),서울,중구,37.5655864141353,127.022323414056
이디야,오장동점,서울 중구 마른내로 109-1 (오장동),서울,중구,37.5646143674959,127.000127901565
이디야,을지로3가점,서울 중구 수표로 45 (저동2가),서울,중구,37.5653393912938,126.989596182183
이디야,을지로중앙점,서울 중구 마른내로 49 (인현동1가),서울,중구,37.5644739023203,126.993478277513
이디야,정동점,서울 중구 정동길 2-1 (정동),서울,중구,37.5679813745371,126.969346954167
이디야,중림브라운스톤점,"서울 중구 청파로 464 (중림동, 브라운스톤서울)",서울,중구,37.5608187887289,126.968225883547
이디야,충무아트홀점,서울 중구 퇴계로 381-1 (신당동),서울,중구,37.565280545198,127.01399810196
이디야,충무필동점,서울 중구 퇴계로 218-5 (필동2가),서울,중구,37.561380272679,126.996296560896
이디야,태평로점,서울 중구 세종대로11길 26 (서소문동),서울,중구,37.5623140006705,126.974582779311
이디야,퇴계로2길점,서울 중구 퇴계로2길 1 (남창동),서울,중구,37.55756848236245,126.97740146915775
이디야,한국은행점,서울 중구 남대문로 29-2 (남대문로3가),서울,중구,37.5614426077681,126.978964253808
이디야,회현SK리더스점,"서울 중구 퇴계로 72 (회현동1가, 리더스뷰남산)",서울,중구,37.5591253443035,126.980603849217
이디야,강동고덕교차로점,"서울 강동구 고덕로 421 (강일동, 대한연세요양원)",서울,강동구,37.5574052401914,127.172575598882
이디야,강동구청점,"서울 강동구 성내로6길 20 (성내동, 청일 베르네)",서울,강동구,37.5289268276291,127.122365834821
이디야,강동성내점,서울 강동구 풍성로 162 (성내동),서울,강동구,37.5305040538801,127.129853009462
이디야,강동역점,"서울 강동구 천호대로 1065 (천호동, 강동상떼빌)",서울,강동구,37.5370371637538,127.130464913259
이디야,강일점,"서울 강동구 아리수로93길 19 (강일동, 임페리얼타워)",서울,강동구,37.5653806615841,127.174117962328
이디야,고덕그라시움후문점,서울 강동구 동남로82길 121 (고덕동),서울,강동구,37.56039666265223,127.16370018873648
이디야,굽은다리역점,서울 강동구 양재대로 1543 (천호동),서울,강동구,37.5435065290527,127.141864467088
이디야,길동사거리점,서울 강동구 천호대로 1132 (성내동),서울,강동구,37.5340717110259,127.136981871571
이디야,길동역점,서울 강동구 양재대로 1471 (길동),서울,강동구,37.5373607499164,127.139268457231
이디야,둔촌오륜포레온점,"서울 강동구 양재대로 1300 (둔촌동, 올림픽파크포레온)",서울,강동구,37.52029359715243,127.13875890999955
이디야,둔촌점,서울 강동구 양재대로 1377 (성내동),서울,강동구,37.5292227276953,127.136262071919
이디야,명일역점,"서울 강동구 구천면로 424 (명일동, 명일메가타운)",서울,강동구,37.550410338798194,127.14556505383719
이디야,명일중앙점,"서울 강동구 상암로 210 (명일동, 명일현대종합상가)",서울,강동구,37.5462992589271,127.145789262651
이디야,보훈병원점,"서울 강동구 명일로 110 (둔촌동, 둔촌동암펠로스타워)",서울,강동구,37.5288078485418,127.143165938025
이디야,암사중앙점,"서울 강동구 암사길 50 (암사동, 제이빌더스)",서울,강동구,37.5513635720856,127.134728442286
이디야,올림픽북문점,서울 강동구 성안로 7 (성내동),서울,강동구,37.5245413697762,127.12890032958
이디야,천호중앙점,"서울 강동구 올림픽로 660 (천호동, 천호엘크루주상복합)",서울,강동구,37.54016837687974,127.12456936024019
이디야,천호초교사거리점,"서울 강동구 구천면로 304 (천호동, 일주빌딩)",서울,강동구,37.5467270340876,127.134809493652
이디야,천호현대점,서울 강동구 올림픽로 665 (천호동),서울,강동구,37.5409246865992,127.123873832581
이디야,개봉북부점,서울 구로구 경인로40길 12 (개봉동),서울,구로구,37.4962642022543,126.859131313522
이디야,개봉역점,서울 구로구 남부순환로97길 11 (개봉동),서울,구로구,37.49425567906598,126.85837744421302
이디야,개봉현대점,서울 구로구 개봉로 69 (개봉동),서울,구로구,37.4919033153723,126.85561013455
이디야,고척사거리점,"서울 구로구 고척로 228-6 (고척동, 종만빌딩)",서울,구로구,37.50590782693333,126.8582904039366
이디야,고척스카이돔점,"서울 구로구 경인로 397 (고척동, 골든타워빌딩)",서울,구로구,37.49757339497824,126.86392369544526
이디야,구로NC점,서울 구로구 구로동로 240 (구로동),서울,구로구,37.5000087655668,126.88269870264
이디야,구로구청점,"서울 구로구 가마산로25길 9 (구로동, 네오팰리스)",서울,구로구,37.4966251468796,126.890315032666
이디야,구로궁동점,서울 구로구 오리로 1304 (궁동) 1층,서울,구로구,37.497825883946476,126.82937821925746
이디야,구로미성점,"서울 구로구 구로중앙로 228 (신도림동, 기임빌딩)",서울,구로구,37.50618302845446,126.87671651690317
이디야,구로역광장점,"서울 구로구 경인로 572 (구로동, 스타팰리스)",서울,구로구,37.50330519053889,126.88108330547095
이디야,구로이마트점,서울 구로구 디지털로32길 43 (구로동),서울,구로구,37.4843992290119,126.897885833718
이디야,구로코레일점,"서울 구로구 구로중앙로 174 (구로동, 구로역)",서울,구로구,37.50246213304171,126.88136511388151
이디야,구로하버라인점,"서울 구로구 항동로3길 6 (항동, 가온 프라자)",서울,구로구,37.4808134179081,126.824263948518
이디야,구일역점,"서울 구로구 구일로 110 (구로동, 해원리버파크)",서울,구로구,37.49494013521619,126.87192053744891
이디야,남구로역점,서울 구로구 디지털로27길 127 (가리봉동),서울,구로구,37.4847108131575,126.887109265789
이디야,성공회대점,서울 구로구 연동로 312 (항동),서울,구로구,37.4877304207618,126.824364209502
이디야,신도림메르디앙점,"서울 구로구 신도림로 65 (신도림동, 신도림월드메르디앙오피스텔)",서울,구로구,37.509567497413,126.882036112811
이디야,신도림테크노마트점,서울 구로구 새말로 97 (구로동),서울,구로구,37.5070438414784,126.890227293528
이디야,경희대점,서울 동대문구 경희대로 4 (회기동),서울,동대문구,37.59203327648363,127.05250416385545
이디야,경희대캠퍼스점,"서울 동대문구 경희대로 26 (회기동, 경희대학교,경희초,중,고,여자중고등학교)",서울,동대문구,37.595279710668244,127.05111084006763
이디야,답십리사거리점,서울 동대문구 답십리로 145 (답십리동),서울,동대문구,37.573052190180896,127.05611323484102
이디야,답십리점,"서울 동대문구 사가정로 6 (답십리동, 청계G well estates)",서울,동대문구,37.5701769955012,127.049533732451
이디야,답십리파크자이점,"서울 동대문구 한천로 55 (답십리동, 영진빌딩)",서울,동대문구,37.5669101962131,127.061880899304
이디야,동부병원사거리점,서울 동대문구 무학로 104 (용두동),서울,동대문구,37.5735114412289,127.030891222547
이디야,배봉초교사거리점,서울 동대문구 답십리로63길 131 (장안동),서울,동대문구,37.5785099656673,127.069336090359
이디야,신설동역점,서울 동대문구 천호대로 11-3 (신설동),서울,동대문구,37.57504733413244,127.02493296369806
이디야,용두동점,서울 동대문구 고산자로 413-1 (용두동),서울,동대문구,37.5766607970206,127.037934015806
이디야,이문점,서울 동대문구 신이문로 19 (이문동),서울,동대문구,37.6031419104525,127.064253948955
이디야,장안동사거리점,서울 동대문구 답십리로 309 (장안동),서울,동대문구,37.5723544570231,127.074804796028
이디야,장안중랑천점,서울 동대문구 장한로18길 32 (장안동),서울,동대문구,37.56754823943685,127.07077591338621
이디야,장안중앙점,서울 동대문구 사가정로25길 42 (장안동),서울,동대문구,37.5806820979802,127.070975935766
이디야,장한평군자초교점,서울 동대문구 한천로2길 53 (장안동),서울,동대문구,37.562872788703984,127.06144791110912
이디야,전농사거리점,서울 동대문구 사가정로 132 (전농동),서울,동대문구,37.5775954065724,127.059523151526
이디야,청량리역점,"서울 동대문구 고산자로34길 70 (용두동, 청량리역 해링턴플레이스)",서울,동대문구,37.5782923121696,127.042196782039
이디야,청량리점,서울 동대문구 왕산로 225 (청량리동),서울,동대문구,37.5821227010138,127.047209103701
이디야,촬영소사거리점,서울 동대문구 답십리로 264 (장안동),서울,동대문구,37.5722815601428,127.069508490646
이디야,회기역중앙점,서울 동대문구 회기로 194-1 (휘경동),서울,동대문구,37.58980550001833,127.05749583678211
이디야,답십리로데오점,서울 성동구 용답중앙15길 8 (용답동),서울,성동구,37.5641084405355,127.053432156481
이디야,마장동점,서울 성동구 고산자로 339-2 (마장동),서울,성동구,37.5700205589407,127.037356633974
이디야,마장역점,서울 성동구 마장로 293-1 (마장동),서울,성동구,37.5659440041462,127.042171365841
이디야,상왕십리역점,서울 성동구 무학봉15길 27 (하왕십리동),서울,성동구,37.5637091555598,127.030171840031
이디야,서울숲리버포레점,"서울 성동구 왕십리로 137 (성수동1가, 서울숲아이파크리버포레)",서울,성동구,37.5501670203702,127.04361144463
이디야,성수2가점,서울 성동구 성덕정길 106 (성수동2가),서울,성동구,37.5371594440377,127.055104789531
이디야,성수아카데미점,서울 성동구 성수이로 118 (성수동2가),서울,성동구,37.5451736913181,127.057857254458
이디야,성수우리W타워점,서울 성동구 아차산로15길 19 (성수동2가),서울,성동구,37.54487737059238,127.06190839848826
이디야,신금호역점,서울 성동구 금호산길 64 (금호동2가),서울,성동구,37.5539034830016,127.019640378475
이디야,옥수동점,서울 성동구 매봉길 12 (옥수동),서울,성동구,37.5452980059274,127.015693205964
이디야,왕십리비트플렉스점,서울 성동구 왕십리광장로 17 (행당동),서울,성동구,37.5614417528647,127.038394194396
이디야,왕십리센트라스점,서울 성동구 무학로 22 (홍익동),서울,성동구,37.566082525209,127.0303063608
이디야,왕십리역점,서울 성동구 왕십리로 309 (행당동),서울,성동구,37.5613776986706,127.034582633625
이디야,텐즈힐점,"서울 성동구 무학로 33 (하왕십리동, 텐즈힐)",서울,성동구,37.5691641596929,127.02634785313
이디야,한양대생활과학관점,"서울 성동구 왕십리로 222 (사근동, 한양대학교)",서울,성동구,37.5545035492027,127.046611216789
이디야,IBK고객센터점,"서울 용산구 한남대로 72 (한남동, IBK기업은행고객센터)",서울,용산구,37.53494410336005,127.00692431290224
이디야,동부이촌동점,서울 용산구 이촌로77길 19 (이촌동),서울,용산구,37.5205536707079,126.974666973357
이디야,동자동점,서울 용산구 후암로 93 (동자동),서울,용산구,37.5533528859435,126.975117496502
이디야,삼각지점,서울 용산구 한강대로 138 (한강로2가),서울,용산구,37.5314472493671,126.970454816197
이디야,숙대입구역점,서울 용산구 한강대로 289 (갈월동),서울,용산구,37.5440581079411,126.971964095596
이디야,순천향병원점,서울 용산구 대사관로 72 ,서울,용산구,37.5330952126175,127.005947068599
이디야,용문점,서울 용산구 원효로41길 73 (원효로2가),서울,용산구,37.53584882357322,126.9611373908156
이디야,용산원효대로점,서울 용산구 원효로19길 81 (원효로3가),서울,용산구,37.5337400268036,126.956231240406
이디야,용산원효점,"서울 용산구 원효로 70 (원효로4가, 신정빌딩)",서울,용산구,37.5325054872953,126.951642152118
이디야,용산중앙점,서울 용산구 한강대로 52-1 (한강로3가),서울,용산구,37.5254293060308,126.964651687385
이디야,용산청파점,"서울 용산구 청파로71길 10 (청파동1가, 새마을금고)",서울,용산구,37.5494639189725,126.969413497587
이디야,용산효창점,서울 용산구 효창원로66길 2 (효창동),서울,용산구,37.540537976136086,126.96220762686157
이디야,원효로점,서울 용산구 원효로 257 (원효로1가),서울,용산구,37.5405688166185,126.969114679317
