이미지Url,상품명,상품코드
https://image.istarbucks.co.kr/upload/store/skuimg/2025/06/[9200000002487]_20250626171201110.jpg,나이트로 바닐라 크림,[9200000002487]
https://image.istarbucks.co.kr/upload/store/skuimg/2025/06/[9200000000479]_20250626095418324.jpg,나이트로 콜드 브루,[9200000000479]
https://image.istarbucks.co.kr/upload/store/skuimg/2025/06/[9200000002081]_20250626100020135.jpg,돌체 콜드 브루,[9200000002081]
https://image.istarbucks.co.kr/upload/store/skuimg/2021/02/[9200000002407]_20210225095106743.jpg,리저브 나이트로,[9200000002407]
https://image.istarbucks.co.kr/upload/store/skuimg/2024/03/[9200000002093]_20240318144604476.jpg,리저브 콜드 브루,[9200000002093]
https://image.istarbucks.co.kr/upload/store/skuimg/2024/05/[9200000005282]_20240509131200017.jpg,막걸리향 크림 콜드 브루,[9200000005282]
https://image.istarbucks.co.kr/upload/store/skuimg/2022/10/[9200000004312]_20221005145029134.jpg,민트 콜드 브루,[9200000004312]
https://image.istarbucks.co.kr/upload/store/skuimg/2025/06/[9200000000487]_20250626095703208.jpg,바닐라 크림 콜드 브루,[9200000000487]
https://image.istarbucks.co.kr/upload/store/skuimg/2025/11/[9200000005991]_20251125104417629.jpg,베르가못 콜드 브루,[9200000005991]
https://image.istarbucks.co.kr/upload/store/skuimg/2025/07/[9200000006301]_20250703090404091.jpg,블랙&화이트 콜드 브루,[9200000006301]
https://image.istarbucks.co.kr/upload/store/skuimg/2025/04/[9200000006056]_20250424105540077.jpg,스모크드 콜드 패션드,[9200000006056]
https://image.istarbucks.co.kr/upload/store/skuimg/2025/06/[9200000003661]_20250626093642415.jpg,시그니처 더 블랙 콜드 브루,[9200000003661]
https://image.istarbucks.co.kr/upload/store/skuimg/2025/06/[9200000004750]_20250626093847094.jpg,여수 윤슬 헤이즐넛 콜드브루,[9200000004750]
https://image.istarbucks.co.kr/upload/store/skuimg/2025/06/[9200000003285]_20250626095600441.jpg,오트 콜드 브루,[9200000003285]
https://image.istarbucks.co.kr/upload/store/skuimg/2024/10/[9200000005616]_20241014134021881.jpg,제주 비자림 리저브 콜드 브루,[9200000005616]
https://image.istarbucks.co.kr/upload/store/skuimg/2025/06/[9200000000038]_20250626095744182.jpg,콜드 브루,[9200000000038]
https://image.istarbucks.co.kr/upload/store/skuimg/2025/06/[9200000004770]_20250626175029778.jpg,콜드 브루,[9200000004770]
https://image.istarbucks.co.kr/upload/store/skuimg/2021/02/[9200000001636]_20210225093600536.jpg,콜드 브루 몰트,[9200000001636]
https://image.istarbucks.co.kr/upload/store/skuimg/2021/02/[9200000001635]_20210225092236748.jpg,콜드 브루 플로트,[9200000001635]
https://image.istarbucks.co.kr/upload/store/skuimg/2021/04/[2]_20210430111934117.jpg,브루드 커피 ,[2]
https://image.istarbucks.co.kr/upload/store/skuimg/2025/06/[106509]_20250626092521116.jpg,아이스 브루드 커피,[106509]
https://image.istarbucks.co.kr/upload/store/skuimg/2025/10/[9200000006517]_20251010104725412.jpg,아이스 윈터 스카치 바닐라 라떼,[9200000006517]
https://image.istarbucks.co.kr/upload/store/skuimg/2025/10/[128401]_20251010101035410.jpg,아이스 토피 넛 라떼,[128401]
https://image.istarbucks.co.kr/upload/store/skuimg/2025/10/[9200000006514]_20251010104614275.jpg,윈터 스카치 바닐라 라떼,[9200000006514]
https://image.istarbucks.co.kr/upload/store/skuimg/2025/10/[128198]_20251010100718645.jpg,토피 넛 라떼,[128198]
https://image.istarbucks.co.kr/upload/store/skuimg/2021/04/[30]_20210415144252244.jpg,에스프레소 콘 파나,[30]
https://image.istarbucks.co.kr/upload/store/skuimg/2021/04/[25]_20210415144211211.jpg,에스프레소 마키아또,[25]
https://image.istarbucks.co.kr/upload/store/skuimg/2024/09/[9200000005514]_20240919154516844.jpg,스타벅스 1호점 카페 아메리카노,[9200000005514]
https://image.istarbucks.co.kr/upload/store/skuimg/2024/09/[9200000005516]_20240919154833807.jpg,아이스 스타벅스 1호점 카페 아메리카노,[9200000005516]
https://image.istarbucks.co.kr/upload/store/skuimg/2025/06/[110563]_20250626094353711.jpg,아이스 카페 아메리카노,[110563]
https://image.istarbucks.co.kr/upload/store/skuimg/2021/04/[94]_20210430103337006.jpg,카페 아메리카노,[94]
https://image.istarbucks.co.kr/upload/store/skuimg/2025/06/[110582]_20250626095111658.jpg,아이스 카라멜 마키아또,[110582]
https://image.istarbucks.co.kr/upload/store/skuimg/2021/04/[126197]_20210415154609863.jpg,카라멜 마키아또,[126197]
https://image.istarbucks.co.kr/upload/store/skuimg/2025/06/[110601]_20250626095213930.jpg,아이스 카푸치노,[110601]
https://image.istarbucks.co.kr/upload/store/skuimg/2021/04/[38]_20210415154821846.jpg,카푸치노,[38]
https://image.istarbucks.co.kr/upload/store/skuimg/2022/04/[9200000004119]_20220412083025862.png,라벤더 카페 브레베,[9200000004119]
https://image.istarbucks.co.kr/upload/store/skuimg/2025/06/[9200000006235]_20250604124942828.jpg,밀크카라멜 라떼,[9200000006235]
https://image.istarbucks.co.kr/upload/store/skuimg/2025/10/[9200000006343]_20251029141705796.jpg,바닐라 라떼,[9200000006343]
https://image.istarbucks.co.kr/upload/store/skuimg/2021/02/[9200000001939]_20210225094313315.jpg,바닐라 빈 라떼,[9200000001939]
https://image.istarbucks.co.kr/upload/store/skuimg/2025/05/[9200000006054]_20250514142846184.jpg,번트 카라멜 라떼,[9200000006054]
https://image.istarbucks.co.kr/upload/store/skuimg/2025/09/[9200000002259]_20250911083847010.jpg,블랙 글레이즈드 라떼,[9200000002259]
https://image.istarbucks.co.kr/upload/store/skuimg/2024/03/[9200000002095]_20240318144701881.jpg,사케라또 비안코 오버 아이스,[9200000002095]
https://image.istarbucks.co.kr/upload/store/skuimg/2024/09/[9200000005518]_20240919154933695.jpg,스타벅스 1호점 카페 라떼,[9200000005518]
https://image.istarbucks.co.kr/upload/store/skuimg/2024/09/[9200000005522]_20240919155344866.jpg,스타벅스 1호점 크림 라떼,[9200000005522]
https://image.istarbucks.co.kr/upload/store/skuimg/2025/05/[9200000006164]_20250513101130306.jpg,스타벅스 꿀 호떡 라떼,[9200000006164]
https://image.istarbucks.co.kr/upload/store/skuimg/2021/04/[128692]_20210426091933665.jpg,스타벅스 돌체 라떼,[128692]
https://image.istarbucks.co.kr/upload/store/skuimg/2022/04/[9200000004120]_20220412082952150.png,아이스 라벤더 카페 브레베,[9200000004120]
https://image.istarbucks.co.kr/upload/store/skuimg/2025/06/[9200000006238]_20250613084659816.jpg,아이스 밀크카라멜 라떼,[9200000006238]
https://image.istarbucks.co.kr/upload/store/skuimg/2025/10/[9200000006346]_20251029141759604.jpg,아이스 바닐라 라떼,[9200000006346]
https://image.istarbucks.co.kr/upload/store/skuimg/2021/02/[9200000001941]_20210225094346653.jpg,아이스 바닐라 빈 라떼,[9200000001941]
https://image.istarbucks.co.kr/upload/store/skuimg/2025/09/[9200000002262]_20250911084401086.jpg,아이스 블랙 글레이즈드 라떼,[9200000002262]
https://image.istarbucks.co.kr/upload/store/skuimg/2024/09/[9200000005520]_20240919155241283.jpg,아이스 스타벅스 1호점 카페 라떼,[9200000005520]
https://image.istarbucks.co.kr/upload/store/skuimg/2024/09/[9200000005523]_20240919155443058.jpg,아이스 스타벅스 1호점 크림 라떼,[9200000005523]
https://image.istarbucks.co.kr/upload/store/skuimg/2025/05/[9200000006165]_20250513101211857.jpg,아이스 스타벅스 꿀 호떡 라떼,[9200000006165]
https://image.istarbucks.co.kr/upload/store/skuimg/2025/06/[128695]_20250626095651684.jpg,아이스 스타벅스 돌체 라떼,[128695]
https://image.istarbucks.co.kr/upload/store/skuimg/2024/05/[9200000005285]_20240509131125335.jpg,아이스 인절미 크림 라떼,[9200000005285]
https://image.istarbucks.co.kr/upload/store/skuimg/2025/06/[110569]_20250626094801903.jpg,아이스 카페 라떼,[110569]
https://image.istarbucks.co.kr/upload/store/skuimg/2024/05/[9200000005284]_20240509131037171.jpg,인절미 크림 라떼,[9200000005284]
https://image.istarbucks.co.kr/upload/store/skuimg/2025/10/[9200000006575]_20251013103821201.jpg,제주 비자림 리저브 에스프레소 라떼,[9200000006575]
https://image.istarbucks.co.kr/upload/store/skuimg/2021/04/[41]_20210415133833725.jpg,카페 라떼,[41]
https://image.istarbucks.co.kr/upload/store/skuimg/2025/10/[9200000006338]_20251029141124907.jpg,코르타도,[9200000006338]
https://image.istarbucks.co.kr/upload/store/skuimg/2025/06/[110566]_20250626113005628.jpg,아이스 카페 모카,[110566]
https://image.istarbucks.co.kr/upload/store/skuimg/2025/06/[110572]_20250626113205748.jpg,아이스 화이트 초콜릿 모카,[110572]
https://image.istarbucks.co.kr/upload/store/skuimg/2021/04/[46]_20210415134438165.jpg,카페 모카,[46]
https://image.istarbucks.co.kr/upload/store/skuimg/2022/10/[9200000004313]_20221005145156959.jpg,클래식 민트 모카,[9200000004313]
https://image.istarbucks.co.kr/upload/store/skuimg/2021/04/[128192]_20210415155639126.jpg,화이트 초콜릿 모카,[128192]
https://image.istarbucks.co.kr/upload/store/skuimg/2025/06/[9200000005181]_20250626095819133.jpg,아이스 플랫 화이트,[9200000005181]
https://image.istarbucks.co.kr/upload/store/skuimg/2024/03/[9200000005178]_20240326103727795.jpg,플랫 화이트,[9200000005178]
https://image.istarbucks.co.kr/upload/store/skuimg/2025/06/[110612]_20250626095701777.jpg,바닐라 스타벅스 더블 샷,[110612]
https://image.istarbucks.co.kr/upload/store/skuimg/2021/03/[9200000003505]_20210322093241535.jpg,사케라또 아포가토,[9200000003505]
https://image.istarbucks.co.kr/upload/store/skuimg/2021/03/[9200000003506]_20210322093317854.jpg,스파클링 시트러스 에스프레소,[9200000003506]
https://image.istarbucks.co.kr/upload/store/skuimg/2021/04/[20]_20210415144112678.jpg,에스프레소,[20]
https://image.istarbucks.co.kr/upload/store/skuimg/2024/09/[9900000001604]_20240909104819181.jpg,에스프레소 플라이트,[9900000001604]
https://image.istarbucks.co.kr/upload/store/skuimg/2025/04/[9900000001721]_20250424124232037.jpg,에스프레소 플라이트 도산,[9900000001721]
https://image.istarbucks.co.kr/upload/store/skuimg/2025/06/[110611]_20250626095539402.jpg,커피 스타벅스 더블 샷,[110611]
https://image.istarbucks.co.kr/upload/store/skuimg/2021/02/[9200000001631]_20210225090916684.jpg,클래식 아포가토,[9200000001631]
https://image.istarbucks.co.kr/upload/store/skuimg/2025/06/[110614]_20250626174624137.jpg,헤이즐넛 스타벅스 더블 샷,[110614]
https://image.istarbucks.co.kr/upload/store/skuimg/2025/11/[9200000006593]_20251112142011730.jpg,바나나 마카다미아 오트 프라푸치노,[9200000006593]
https://image.istarbucks.co.kr/upload/store/skuimg/2025/10/[9200000006544]_20251010111441399.jpg,월리 체리 푸딩 크림 프라푸치노,[9200000006544]
https://image.istarbucks.co.kr/upload/store/skuimg/2025/11/[9200000006594]_20251112142046388.jpg,초코 바나나 마카다미아 오트 프라푸치노,[9200000006594]
https://image.istarbucks.co.kr/upload/store/skuimg/2025/06/[9200000002760]_20250626095415811.jpg,더블 에스프레소 칩 프라푸치노,[9200000002760]
https://image.istarbucks.co.kr/upload/store/skuimg/2025/06/[9200000006303]_20250619133012310.jpg,스타벅스 꿀 호떡 크림 프라푸치노,[9200000006303]
https://image.istarbucks.co.kr/upload/store/skuimg/2025/06/[168007]_20250626095952087.jpg,에스프레소 프라푸치노,[168007]
https://image.istarbucks.co.kr/upload/store/skuimg/2025/06/[168016]_20250626113600873.jpg,자바 칩 프라푸치노,[168016]
https://image.istarbucks.co.kr/upload/store/skuimg/2025/06/[168010]_20250626113443023.jpg,카라멜 프라푸치노,[168010]
https://image.istarbucks.co.kr/upload/store/skuimg/2024/06/[9200000005369]_20240614143554454.jpg,딸기 글레이즈드 크림 프라푸치노,[9200000005369]
https://image.istarbucks.co.kr/upload/store/skuimg/2025/07/[9200000006304]_20250708105445804.jpg,베르가못 딸기 크림 프라푸치노,[9200000006304]
https://image.istarbucks.co.kr/upload/store/skuimg/2025/06/[9200000006305]_20250619141412982.jpg,베르가못 제주 말차 크림 프라푸치노,[9200000006305]
https://image.istarbucks.co.kr/upload/store/skuimg/2025/06/[9200000005782]_20250626114430130.jpg,인절미 제주 말차 크림 프라푸치노,[9200000005782]
https://image.istarbucks.co.kr/upload/store/skuimg/2025/06/[9200000002088]_20250626114629418.jpg,제주 까망 크림 프라푸치노,[9200000002088]
https://image.istarbucks.co.kr/upload/store/skuimg/2025/06/[9200000002502]_20250626100915378.jpg,제주 말차 크림 프라푸치노,[9200000002502]
https://image.istarbucks.co.kr/upload/store/skuimg/2025/06/[9200000002090]_20250626114614395.jpg,제주 쑥떡 크림 프라푸치노,[9200000002090]
https://image.istarbucks.co.kr/upload/store/skuimg/2025/06/[168066]_20250626113822018.jpg,초콜릿 크림 칩 프라푸치노,[168066]
https://image.istarbucks.co.kr/upload/store/skuimg/2025/06/[9200000002403]_20250626100106311.jpg,화이트 타이거 프라푸치노,[9200000002403]
https://image.istarbucks.co.kr/upload/store/skuimg/2025/06/[167004]_20250626095805229.jpg,망고 패션 프루트 블렌디드,[167004]
https://image.istarbucks.co.kr/upload/store/skuimg/2025/10/[9200000004716]_20251029080615246.jpg,북한산 레몬 얼 그레이 블렌디드,[9200000004716]
https://image.istarbucks.co.kr/upload/store/skuimg/2025/08/[9200000004945]_20250827131549415.jpg,스타벅스 클래식 밀크티 블렌디드,[9200000004945]
https://image.istarbucks.co.kr/upload/store/skuimg/2023/09/[9200000004870]_20230905110300360.jpg,여수 바다 유자 블렌디드,[9200000004870]
https://image.istarbucks.co.kr/upload/store/skuimg/2025/10/[9200000005377]_20251013104535651.jpg,제주 탄제린 블렌디드,[9200000005377]
https://image.istarbucks.co.kr/upload/store/skuimg/2025/07/[9200000003276]_20250721084027663.jpg,딸기 딜라이트 요거트 블렌디드,[9200000003276]
https://image.istarbucks.co.kr/upload/store/skuimg/2025/10/[9200000006577]_20251013103946321.jpg,말차 폭포 유자 블렌디드,[9200000006577]
https://image.istarbucks.co.kr/upload/store/skuimg/2025/06/[169001]_20250626100121981.jpg,망고 바나나 블렌디드,[169001]
https://image.istarbucks.co.kr/upload/store/skuimg/2025/09/[9200000006466]_20250904105105974.jpg,자몽 허니 레몬 블렌디드 ,[9200000006466]
https://image.istarbucks.co.kr/upload/store/skuimg/2025/06/[9200000004780]_20250626094123074.jpg,피치 망고 블렌디드,[9200000004780]
https://image.istarbucks.co.kr/upload/store/skuimg/2025/06/[9200000003763]_20250626093913823.jpg,딸기 아사이 레모네이드 스타벅스 리프레셔,[9200000003763]
https://image.istarbucks.co.kr/upload/store/skuimg/2025/06/[9200000004753]_20250626175350251.jpg,딸기 아사이 레모네이드 스타벅스 리프레셔,[9200000004753]
https://image.istarbucks.co.kr/upload/store/skuimg/2025/05/[9200000006172]_20250513101034691.jpg,골든 만다린 홉 피지오,[9200000006172]
https://image.istarbucks.co.kr/upload/store/skuimg/2025/06/[9200000005168]_20250626095609681.jpg,라이트 핑크 자몽 피지오,[9200000005168]
https://image.istarbucks.co.kr/upload/store/skuimg/2024/05/[9200000005283]_20240509131233446.jpg,리버 피치 피지오,[9200000005283]
https://image.istarbucks.co.kr/upload/store/skuimg/2023/09/[9200000004751]_20230907153225204.jpg,여수 바다 자몽 피지오,[9200000004751]
https://image.istarbucks.co.kr/upload/store/skuimg/2024/10/[9200000005588]_20241017130009134.jpg,의암호의 초록빛 자몽 피지오,[9200000005588]
https://image.istarbucks.co.kr/upload/store/skuimg/2024/01/[9200000004946]_20240103144959834.jpg,제주팔삭 셔벗 피지오,[9200000004946]
https://image.istarbucks.co.kr/upload/store/skuimg/2025/08/[9200000004947]_20250827131344272.jpg,제주팔삭 피지오,[9200000004947]
https://image.istarbucks.co.kr/upload/store/skuimg/2025/07/[9200000005983]_20250724154622363.jpg,체리&자두 에너지 피지오,[9200000005983]
https://image.istarbucks.co.kr/upload/store/skuimg/2025/06/[107051]_20250626093749068.jpg,쿨 라임 피지오,[107051]
https://image.istarbucks.co.kr/upload/store/skuimg/2025/11/[9200000004567]_20251125104447608.jpg,피치 딸기 피지오,[9200000004567]
https://image.istarbucks.co.kr/upload/store/skuimg/2025/11/[9200000006556]_20251120123814232.jpg,아이스 클래식 뱅쇼 히비스커스 티,[9200000006556]
https://image.istarbucks.co.kr/upload/store/skuimg/2025/10/[9200000006541]_20251010111337426.jpg,아이스 핑크 팝 캐모마일 릴렉서,[9200000006541]
https://image.istarbucks.co.kr/upload/store/skuimg/2025/11/[9200000006555]_20251120123711374.jpg,클래식 뱅쇼 히비스커스 티,[9200000006555]
https://image.istarbucks.co.kr/upload/store/skuimg/2025/10/[9200000006538]_20251010111229577.jpg,핑크 팝 캐모마일 릴렉서,[9200000006538]
https://image.istarbucks.co.kr/upload/store/skuimg/2025/11/[9200000006552]_20251126164746514.jpg,아이스 캐모마일 허니 티 라떼,[9200000006552]
https://image.istarbucks.co.kr/upload/store/skuimg/2025/11/[9200000006549]_20251126164700205.jpg,캐모마일 허니 티 라떼,[9200000006549]
https://image.istarbucks.co.kr/upload/store/skuimg/2025/10/[9200000006545]_20251010111612243.jpg,코코 말차,[9200000006545]
https://image.istarbucks.co.kr/upload/store/skuimg/2025/10/[9200000006548]_20251010111720776.jpg,클라우드 코코 말차,[9200000006548]
https://image.istarbucks.co.kr/upload/store/skuimg/2021/04/[4004000000056]_20210415135215632.jpg,민트 블렌드 티,[4004000000056]
https://image.istarbucks.co.kr/upload/store/skuimg/2025/06/[4004000000059]_20250626095245748.jpg,아이스 민트 블렌드 티,[4004000000059]
https://image.istarbucks.co.kr/upload/store/skuimg/2025/06/[4004000000039]_20250626095101523.jpg,아이스 얼 그레이 티,[4004000000039]
https://image.istarbucks.co.kr/upload/store/skuimg/2025/06/[9200000000229]_20250626094905408.jpg,아이스 유스베리 티,[9200000000229]
https://image.istarbucks.co.kr/upload/store/skuimg/2025/06/[9200000002959]_20250626095858925.jpg,아이스 유자 민트 티,[9200000002959]
https://image.istarbucks.co.kr/upload/store/skuimg/2025/06/[4004000000019]_20250626094722001.jpg,아이스 잉글리쉬 브렉퍼스트 티,[4004000000019]
https://image.istarbucks.co.kr/upload/store/skuimg/2025/06/[400400000094]_20250626095637338.jpg,아이스 제주 유기농 녹차로 만든 티,[400400000094]
https://image.istarbucks.co.kr/upload/store/skuimg/2025/08/[9200000004944]_20250827132453999.jpg,아이스 제주팔삭 & 자몽 허니 블랙 티,[9200000004944]
https://image.istarbucks.co.kr/upload/store/skuimg/2025/06/[4004000000079]_20250626095526701.jpg,아이스 캐모마일 블렌드 티,[4004000000079]
https://image.istarbucks.co.kr/upload/store/skuimg/2025/06/[4004000000069]_20250626095350549.jpg,아이스 히비스커스 블렌드 티,[4004000000069]
https://image.istarbucks.co.kr/upload/store/skuimg/2021/04/[4004000000036]_20210415143933425.jpg,얼 그레이 티,[4004000000036]
https://image.istarbucks.co.kr/upload/store/skuimg/2021/04/[9200000000226]_20210415144434521.jpg,유스베리 티,[9200000000226]
https://image.istarbucks.co.kr/upload/store/skuimg/2022/04/[9200000002956]_20220411155551915.jpg,유자 민트 티,[9200000002956]
https://image.istarbucks.co.kr/upload/store/skuimg/2021/04/[4004000000016]_20210415153648533.jpg,잉글리쉬 브렉퍼스트 티,[4004000000016]
https://image.istarbucks.co.kr/upload/store/skuimg/2021/04/[9200000000187]_20210419131229539.jpg,자몽 허니 블랙 티,[9200000000187]
https://image.istarbucks.co.kr/upload/store/skuimg/2021/04/[400400000091]_20210415132229904.jpg,제주 유기농 녹차로 만든 티,[400400000091]
https://image.istarbucks.co.kr/upload/store/skuimg/2025/08/[9200000004943]_20250827132403893.jpg,제주팔삭 & 자몽 허니 블랙 티,[9200000004943]
https://image.istarbucks.co.kr/upload/store/skuimg/2021/04/[4004000000076]_20210415154920731.jpg,캐모마일 블렌드 티,[4004000000076]
https://image.istarbucks.co.kr/upload/store/skuimg/2021/04/[4004000000066]_20210415155836395.jpg,히비스커스 블렌드 티,[4004000000066]
https://image.istarbucks.co.kr/upload/store/skuimg/2025/06/[9200000004566]_20250626094216209.jpg,레드 파워 패션 티,[9200000004566]
https://image.istarbucks.co.kr/upload/store/skuimg/2023/12/[9200000004990]_20231212110704134.jpg,레몬 캐모마일 블렌드 티,[9200000004990]
https://image.istarbucks.co.kr/upload/store/skuimg/2025/06/[9200000005310]_20250626175453436.jpg,복숭아 아이스 티,[9200000005310]
https://image.istarbucks.co.kr/upload/store/skuimg/2025/06/[9200000005307]_20250626101543177.jpg,복숭아 아이스 티,[9200000005307]
https://image.istarbucks.co.kr/upload/store/skuimg/2024/07/[9200000005304]_20240717132620949.jpg,복숭아 핫 티,[9200000005304]
https://image.istarbucks.co.kr/upload/store/skuimg/2025/10/[9200000006560]_20251010154155973.jpg,시트러스 가든 민트 티,[9200000006560]
https://image.istarbucks.co.kr/upload/store/skuimg/2023/12/[9200000004991]_20231212110749533.jpg,아이스 레몬 캐모마일 블렌드 티,[9200000004991]
https://image.istarbucks.co.kr/upload/store/skuimg/2025/06/[9200000000190]_20250626093924488.jpg,아이스 자몽 허니 블랙 티,[9200000000190]
https://image.istarbucks.co.kr/upload/store/skuimg/2025/06/[9200000004769]_20250626175158256.jpg,아이스 자몽 허니 블랙 티,[9200000004769]
https://image.istarbucks.co.kr/upload/store/skuimg/2025/09/[9200000006412]_20250911093342215.jpg,말차 글레이즈드 티 라떼,[9200000006412]
https://image.istarbucks.co.kr/upload/store/skuimg/2023/11/[9200000004954]_20231127093740735.jpg,말차 티라미수 라떼,[9200000004954]
https://image.istarbucks.co.kr/upload/store/skuimg/2025/01/[9200000004933]_20250102105625904.jpg,스타벅스 클래식 밀크 티,[9200000004933]
https://image.istarbucks.co.kr/upload/store/skuimg/2025/06/[9200000004942]_20250626095409672.jpg,스타벅스 클래식 밀크 티 보틀,[9200000004942]
https://image.istarbucks.co.kr/upload/store/skuimg/2025/09/[9200000006415]_20250911093421192.jpg,아이스 말차 글레이즈드 티 라떼,[9200000006415]
https://image.istarbucks.co.kr/upload/store/skuimg/2023/11/[9200000004955]_20231127093837610.jpg,아이스 말차 티라미수 라떼,[9200000004955]
https://image.istarbucks.co.kr/upload/store/skuimg/2025/06/[9200000004936]_20250626095136814.jpg,아이스 스타벅스 클래식 밀크 티,[9200000004936]
https://image.istarbucks.co.kr/upload/store/skuimg/2025/08/[9200000004288]_20250806103603510.jpg,아이스 얼 그레이 바닐라 티 라떼,[9200000004288]
https://image.istarbucks.co.kr/upload/store/skuimg/2024/10/[9200000005590]_20241017130203194.jpg,아이스 의암호의 보랏빛 라벤더 티 라떼,[9200000005590]
https://image.istarbucks.co.kr/upload/store/skuimg/2025/06/[9200000005781]_20250626100335087.jpg,아이스 인절미 제주 말차 라떼,[9200000005781]
https://image.istarbucks.co.kr/upload/store/skuimg/2025/06/[9200000002499]_20250626100713501.jpg,아이스 제주 말차 라떼,[9200000002499]
https://image.istarbucks.co.kr/upload/store/skuimg/2025/04/[9200000006059]_20250424110002176.jpg,아이스 프렌치 바닐라 말차 라떼,[9200000006059]
https://image.istarbucks.co.kr/upload/store/skuimg/2025/08/[9200000004285]_20250806103502267.jpg,얼 그레이 바닐라 티 라떼,[9200000004285]
https://image.istarbucks.co.kr/upload/store/skuimg/2024/10/[9200000005589]_20241017130107685.jpg,의암호의 보랏빛 라벤더 티 라떼,[9200000005589]
https://image.istarbucks.co.kr/upload/store/skuimg/2025/01/[9200000005780]_20250110103213092.jpg,인절미 제주 말차 라떼,[9200000005780]
https://image.istarbucks.co.kr/upload/store/skuimg/2021/04/[9200000002496]_20210419131039350.jpg,제주 말차 라떼,[9200000002496]
https://image.istarbucks.co.kr/upload/store/skuimg/2025/04/[9200000006058]_20250424105905420.jpg,프렌치 바닐라 말차 라떼,[9200000006058]
https://image.istarbucks.co.kr/upload/store/skuimg/2023/12/[9200000004950]_20231204090636952.jpg,딸기 콜드폼 초콜릿,[9200000004950]
https://image.istarbucks.co.kr/upload/store/skuimg/2021/04/[72]_20210415140949967.jpg,시그니처 핫 초콜릿,[72]
https://image.istarbucks.co.kr/upload/store/skuimg/2025/06/[110621]_20250626113323062.jpg,아이스 시그니처 초콜릿,[110621]
https://image.istarbucks.co.kr/upload/store/skuimg/2023/11/[9200000004953]_20231127094019543.jpg,아이스 티라미수 초콜릿,[9200000004953]
https://image.istarbucks.co.kr/upload/store/skuimg/2023/11/[9200000004952]_20231127093937845.jpg,티라미수 초콜릿,[9200000004952]
https://image.istarbucks.co.kr/upload/store/skuimg/2025/06/[9200000003658]_20250626095124588.jpg,플러피 판다 아이스 초콜릿,[9200000003658]
https://image.istarbucks.co.kr/upload/store/skuimg/2021/04/[9200000002594]_20210422080327783.jpg,플러피 판다 핫 초콜릿,[9200000002594]
https://image.istarbucks.co.kr/upload/store/skuimg/2023/11/[9200000004951]_20231102101647442.jpg,딸기 콜드폼 딸기 라떼,[9200000004951]
https://image.istarbucks.co.kr/upload/store/skuimg/2025/06/[9200000003659]_20250626093348421.jpg,스타벅스 슬래머,[9200000003659]
https://image.istarbucks.co.kr/upload/store/skuimg/2021/04/[17]_20210426095334934.jpg,스팀 우유,[17]
https://image.istarbucks.co.kr/upload/store/skuimg/2025/06/[18]_20250626093838261.jpg,우유,[18]
https://image.istarbucks.co.kr/upload/store/skuimg/2025/08/[9200000004957]_20250827131450142.jpg,제주팔삭 셔벗,[9200000004957]
https://image.istarbucks.co.kr/upload/store/skuimg/2024/03/[9300000004346]_20240328133443928.jpg,ABC 클렌즈 190ML,[9300000004346]
https://image.istarbucks.co.kr/upload/store/skuimg/2024/09/[9300000005406]_20240905084511440.jpg,스퀴즈드 오렌지 주스 100ML,[9300000005406]
https://image.istarbucks.co.kr/upload/store/skuimg/2024/03/[9300000004348]_20240328133830383.jpg,케일 클렌즈 190ML,[9300000004348]
https://image.istarbucks.co.kr/upload/store/skuimg/2025/05/[5210008070]_20250527081742210.jpg,딸기주스 190ML,[5210008070]
https://image.istarbucks.co.kr/upload/store/skuimg/2024/10/[5210008061]_20241031123748556.jpg,망고주스 190ML,[5210008061]
https://image.istarbucks.co.kr/upload/store/skuimg/2024/09/[9300000005405]_20240905084714529.jpg,수박 주스 190ML,[9300000005405]
https://image.istarbucks.co.kr/upload/store/skuimg/2024/09/[9300000003771]_20240923184306693.jpg,유기농 오렌지 100% 주스 190ML,[9300000003771]
https://image.istarbucks.co.kr/upload/store/skuimg/2021/04/[5210008072]_20210426100712780.jpg,케일&사과주스 190ML,[5210008072]
https://image.istarbucks.co.kr/upload/store/skuimg/2024/10/[5210008055]_20241031123524702.jpg,한라봉주스 190ML,[5210008055]
https://image.istarbucks.co.kr/upload/store/skuimg/2024/09/[9300000002565]_20240923184651121.jpg,햇사과 주스 190ML,[9300000002565]
https://image.istarbucks.co.kr/upload/store/skuimg/2021/10/[9300000003775]_20211020094208342.jpg,딸기 가득 요거트 190ML,[9300000003775]
https://image.istarbucks.co.kr/upload/store/skuimg/2024/09/[5210008063]_20240923185114500.jpg,블루베리 요거트 190ML,[5210008063]
https://image.istarbucks.co.kr/upload/store/skuimg/2025/11/[9200000006555]_20251120123711374.jpg,클래식 뱅쇼 히비스커스 티,[9200000006555]
https://image.istarbucks.co.kr/upload/store/skuimg/2025/11/[9200000006556]_20251120123814232.jpg,아이스 클래식 뱅쇼 히비스커스 티,[9200000006556]
https://image.istarbucks.co.kr/upload/store/skuimg/2025/11/[9200000006549]_20251126164700205.jpg,캐모마일 허니 티 라떼,[9200000006549]
https://image.istarbucks.co.kr/upload/store/skuimg/2025/11/[9200000006552]_20251126164746514.jpg,아이스 캐모마일 허니 티 라떼,[9200000006552]
https://image.istarbucks.co.kr/upload/store/skuimg/2025/10/[9200000006517]_20251010104725412.jpg,아이스 윈터 스카치 바닐라 라떼,[9200000006517]
https://image.istarbucks.co.kr/upload/store/skuimg/2025/10/[9200000006514]_20251010104614275.jpg,윈터 스카치 바닐라 라떼,[9200000006514]
https://image.istarbucks.co.kr/upload/store/skuimg/2025/10/[128198]_20251010100718645.jpg,토피 넛 라떼,[128198]
https://image.istarbucks.co.kr/upload/store/skuimg/2025/10/[128401]_20251010101035410.jpg,아이스 토피 넛 라떼,[128401]
https://image.istarbucks.co.kr/upload/store/skuimg/2025/10/[9200000006541]_20251010111337426.jpg,아이스 핑크 팝 캐모마일 릴렉서,[9200000006541]
https://image.istarbucks.co.kr/upload/store/skuimg/2025/10/[9200000006538]_20251010111229577.jpg,핑크 팝 캐모마일 릴렉서,[9200000006538]
https://image.istarbucks.co.kr/upload/store/skuimg/2025/10/[9200000006545]_20251010111612243.jpg,코코 말차,[9200000006545]
https://image.istarbucks.co.kr/upload/store/skuimg/2025/10/[9200000006544]_20251010111441399.jpg,월리 체리 푸딩 크림 프라푸치노,[9200000006544]
